AFG,Afghanistan,Asia,2019,13162,26,9,48,43,66,13,22,-1,-1,24,-1,-1,26,-1,-1,-1,58,17,25,74,-1,-1,38,36,26,-1,-1,31,-1,-1,20,-1,-1,-1,26,48,26,65,-1,-1,6,-1,-1,-1,-1,-1,-1,-1,-1,-1,-1,-1,3,-1,-1,10,-1,-1
ALB,Albania,Europe,2019,503,61,15,32,54,59,-1,-1,-1,-1,-1,-1,-1,-1,-1,-1,-1,56,-1,-1,66,-1,-1,89,-1,-1,-1,-1,-1,-1,-1,-1,-1,-1,-1,83,-1,-1,88,-1,-1,82,-1,-1,-1,-1,-1,-1,-1,-1,-1,-1,-1,71,-1,-1,84,-1,-1
DZA,Algeria,Africa,2019,9098,73,6,46,48,92,0,8,-1,-1,-1,-1,-1,-1,-1,-1,-1,85,0,15,98,0,1,99,1,0,-1,-1,-1,-1,-1,-1,-1,-1,-1,98,2,0,100,0,0,99,-1,-1,-1,-1,-1,-1,-1,-1,-1,-1,-1,98,-1,-1,100,-1,-1
AND,Andorra,Europe,2019,19,88,19,39,42,100,0,0,-1,-1,-1,-1,-1,-1,-1,-1,-1,100,0,0,100,0,0,100,0,0,-1,-1,-1,-1,-1,-1,-1,-1,-1,100,0,0,100,0,0,100,0,0,-1,-1,-1,-1,-1,-1,-1,-1,-1,100,0,0,100,0,0
AGO,Angola,Africa,2019,12368,66,17,46,37,-1,-1,68,-1,-1,-1,-1,-1,-1,-1,-1,-1,-1,-1,82,-1,-1,52,-1,-1,-1,-1,-1,-1,-1,-1,-1,-1,-1,-1,-1,-1,-1,-1,-1,-1,-1,-1,-1,-1,-1,-1,-1,-1,-1,-1,-1,-1,-1,-1,-1,-1,-1,-1
ATG,Antigua and Barbuda,North America,2019,20,25,15,49,35,100,0,0,-1,-1,-1,-1,-1,-1,-1,-1,-1,100,0,0,100,0,0,100,0,0,-1,-1,-1,-1,-1,-1,-1,-1,-1,100,0,0,100,0,0,100,0,0,-1,-1,-1,-1,-1,-1,-1,-1,-1,100,0,0,100,0,0
ARG,Argentina,South America,2019,10875,92,20,40,39,-1,-1,10,-1,-1,2,-1,-1,17,-1,-1,-1,-1,-1,10,-1,-1,-1,-1,-1,-1,-1,-1,-1,-1,-1,-1,-1,-1,-1,-1,-1,-1,-1,-1,-1,-1,-1,-1,-1,-1,-1,-1,-1,-1,-1,-1,-1,-1,-1,-1,-1,-1,-1
ARM,Armenia,Asia,2019,564,63,19,30,51,-1,-1,-1,-1,-1,-1,-1,-1,-1,-1,-1,-1,-1,-1,-1,95,-1,-1,-1,-1,-1,-1,-1,-1,-1,-1,-1,-1,-1,-1,-1,-1,-1,-1,-1,10,-1,-1,-1,-1,-1,-1,-1,-1,-1,-1,-1,-1,-1,-1,-1,-1,-1,-1
AUS,Australia,Oceania,2019,4424,86,7,51,41,100,0,0,-1,-1,-1,-1,-1,-1,-1,-1,-1,100,0,0,100,0,0,100,0,0,-1,-1,-1,-1,-1,-1,-1,-1,-1,100,0,0,100,0,0,100,0,0,-1,-1,-1,-1,-1,-1,-1,-1,-1,100,0,0,100,0,0
AZE,Azerbaijan,Asia,2019,1848,56,25,27,48,100,0,0,-1,-1,-1,-1,-1,-1,-1,-1,-1,100,0,0,100,0,0,100,0,0,-1,-1,-1,-1,-1,-1,-1,-1,-1,100,0,0,100,0,0,100,0,0,-1,-1,-1,-1,-1,-1,-1,-1,-1,100,0,0,100,0,0
BHR,Bahrain,Asia,2019,287,89,22,41,37,100,0,0,-1,-1,-1,-1,-1,-1,-1,-1,-1,100,0,0,100,0,0,100,0,0,-1,-1,-1,-1,-1,-1,-1,-1,-1,100,0,0,100,0,0,100,0,0,-1,-1,-1,-1,-1,-1,-1,-1,-1,100,0,0,100,0,0
BGD,Bangladesh,Asia,2019,45181,37,19,33,48,82,10,8,85,13,2,90,7,4,-1,-1,-1,78,13,9,93,7,0,56,44,0,50,50,0,50,49,0,-1,-1,-1,48,50,2,58,41,1,51,43,7,47,48,5,48,41,11,-1,-1,-1,49,37,15,49,48,4
BRB,Barbados,North America,2019,45,31,14,44,42,100,0,0,-1,-1,-1,-1,-1,-1,-1,-1,-1,100,0,0,100,0,0,100,0,0,-1,-1,-1,-1,-1,-1,-1,-1,-1,100,0,0,100,0,0,100,0,0,-1,-1,-1,-1,-1,-1,-1,-1,-1,100,0,0,100,0,0
BLR,Belarus,Europe,2019,1419,79,23,31,46,100,0,0,-1,-1,-1,-1,-1,-1,-1,-1,-1,100,0,0,100,0,0,100,0,0,-1,-1,-1,-1,-1,-1,-1,-1,-1,100,0,0,100,0,0,100,0,0,-1,-1,-1,-1,-1,-1,-1,-1,-1,100,0,0,100,0,0
BEL,Belgium,Europe,2019,1963,98,20,41,39,100,0,0,-1,-1,-1,-1,-1,-1,-1,-1,-1,100,0,0,100,0,0,-1,-1,-1,-1,-1,-1,-1,-1,-1,-1,-1,-1,-1,-1,-1,-1,-1,-1,100,0,0,-1,-1,-1,-1,-1,-1,-1,-1,-1,100,0,0,100,0,0
BLZ,Belize,North America,2019,108,46,14,42,44,-1,-1,-1,-1,-1,0,-1,-1,-1,-1,-1,-1,-1,-1,-1,-1,-1,-1,-1,-1,-1,-1,-1,-1,-1,-1,-1,-1,-1,-1,-1,-1,-1,-1,-1,-1,-1,-1,-1,-1,-1,-1,-1,-1,-1,-1,-1,-1,-1,-1,-1,-1,-1,-1
BEN,Benin,Africa,2019,4371,48,16,43,42,45,34,21,-1,-1,-1,-1,-1,-1,-1,-1,-1,45,37,19,-1,-1,27,-1,-1,28,-1,-1,-1,-1,-1,-1,-1,-1,-1,-1,-1,30,-1,-1,24,-1,-1,-1,-1,-1,-1,-1,-1,-1,-1,-1,-1,-1,-1,-1,-1,-1,-1
BMU,Bermuda,North America,2019,9,100,6,40,53,-1,-1,-1,-1,-1,-1,-2,-2,-2,-1,-1,-1,-1,-1,-1,-1,-1,-1,-1,-1,-1,-1,-1,-1,-2,-2,-2,-1,-1,-1,-1,-1,-1,-1,-1,-1,100,0,0,-1,-1,-1,-2,-2,-2,-1,-1,-1,100,0,0,100,0,0
BTN,Bhutan,Asia,2019,198,42,12,46,42,64,25,11,-1,-1,-1,-1,-1,-1,-1,-1,-1,58,31,11,63,29,8,86,3,11,-1,-1,0,-1,-1,-1,-1,-1,-1,75,14,11,93,4,3,-1,-1,18,-1,-1,-1,-1,-1,-1,-1,-1,-1,-1,-1,19,-1,-1,17
BOL,Bolivia (Plurinational State of),South America,2019,3269,70,15,43,42,-1,-1,-1,-1,-1,0,-1,-1,-1,-1,-1,-1,-1,-1,-1,-1,-1,-1,-1,-1,-1,-1,-1,-1,-1,-1,-1,-1,-1,-1,-1,-1,-1,-1,-1,-1,-1,-1,-1,-1,-1,-1,-1,-1,-1,-1,-1,-1,-1,-1,-1,-1,-1,-1
BWA,Botswana,Africa,2019,751,70,22,48,31,-1,-1,0,-1,-1,-1,-1,-1,-1,-1,-1,-1,-1,-1,0,-1,-1,0,-1,-1,0,-1,-1,-1,-1,-1,-1,-1,-1,-1,-1,-1,0,-1,-1,0,-1,-1,-1,-1,-1,-1,-1,-1,-1,-1,-1,-1,-1,-1,-1,-1,-1,-1
BRA,Brazil,South America,2019,42289,87,11,33,56,-1,-1,15,-1,-1,4,-1,-1,44,-1,-1,21,-1,-1,18,-1,-1,6,-1,-1,5,-1,-1,4,-1,-1,10,-1,-1,7,-1,-1,4,-1,-1,5,61,35,4,61,36,3,60,24,16,77,17,6,61,35,4,65,33,2
VGB,British Virgin Islands,North America,2019,5,48,12,45,42,93,-1,-1,-1,-1,-1,-1,-1,-1,-1,-1,-1,100,0,0,84,-1,-1,100,0,0,-1,-1,-1,-1,-1,-1,-1,-1,-1,100,0,0,100,0,0,95,5,0,-1,-1,-1,-1,-1,-1,-1,-1,-1,91,9,0,100,0,0
BRN,Brunei Darussalam,Asia,2019,105,78,18,37,44,-1,-1,-1,-1,-1,-1,-1,-1,-1,-1,-1,-1,-1,-1,-1,-1,-1,-1,-1,-1,-1,-1,-1,-1,-1,-1,-1,-1,-1,-1,-1,-1,-1,-1,-1,-1,100,0,0,-1,-1,-1,-1,-1,-1,-1,-1,-1,100,0,0,100,0,0
BFA,Burkina Faso,Africa,2019,8604,30,22,40,38,53,7,41,-1,-1,28,-1,-1,49,-1,-1,30,-1,-1,41,42,14,44,70,10,20,-1,-1,11,-1,-1,30,-1,-1,15,-1,-1,18,53,14,32,25,-1,-1,-1,-1,-1,-1,-1,-1,-1,-1,-1,26,-1,-1,8,-1,-1
BDI,Burundi,Africa,2019,4111,13,15,45,40,46,13,41,-1,-1,-1,-1,-1,-1,48,3,49,45,8,48,52,33,15,49,46,5,-1,-1,-1,-1,-1,-1,-1,-1,-1,35,56,9,93,7,0,17,16,67,-1,-1,-1,-1,-1,-1,52,17,31,18,4,79,14,21,64
CPV,Cabo Verde,Africa,2019,152,66,19,41,40,-1,-1,0,-1,-1,-1,-1,-1,-1,-1,-1,-1,-1,-1,0,-1,-1,0,90,8,1,-1,-1,-1,-1,-1,-1,-1,-1,-1,91,9,0,85,15,0,84,-1,-1,-1,-1,-1,-1,-1,-1,-1,-1,-1,83,-1,-1,100,-1,-1
KHM,Cambodia,Asia,2019,4837,24,21,42,37,73,0,27,75,0,25,73,0,27,58,0,42,80,2,18,76,0,24,32,30,38,38,18,43,31,31,38,11,21,68,40,34,25,48,34,18,48,5,47,55,6,40,47,6,48,38,4,58,55,6,40,42,8,51
CMR,Cameroon,Africa,2019,9704,57,16,43,41,34,30,36,-1,-1,29,-1,-1,65,-1,-1,39,34,23,43,-1,-1,-1,39,12,49,-1,-1,-1,-1,-1,-1,-1,-1,-1,39,7,54,-1,-1,-1,-1,-1,-1,-1,-1,-1,-1,-1,-1,-1,-1,-1,-1,-1,-1,-1,-1,-1
CYM,Cayman Islands,North America,2019,16,100,19,39,42,100,0,0,-1,-1,-1,-2,-2,-2,-1,-1,-1,100,0,0,100,0,0,100,0,0,-1,-1,-1,-2,-2,-2,-1,-1,-1,100,0,0,100,0,0,100,0,0,-1,-1,-1,-2,-2,-2,-1,-1,-1,100,0,0,100,0,0
CAF,Central African Republic,Africa,2019,2111,42,21,39,40,16,7,77,-1,-1,-1,-1,-1,-1,-1,-1,49,16,3,81,-1,-1,58,-1,-1,59,-1,-1,-1,-1,-1,-1,-1,-1,24,-1,-1,59,-1,-1,19,-1,-1,-1,-1,-1,-1,-1,-1,-1,-1,-1,-1,-1,-1,-1,-1,-1,-1
TCD,Chad,Africa,2019,6974,23,23,40,37,23,14,63,-1,-1,-1,-1,-1,-1,-1,-1,41,19,11,70,-1,-1,50,-1,-1,-1,-1,-1,-1,-1,-1,-1,-1,-1,-1,-1,-1,78,-1,-1,-1,-1,-1,-1,-1,-1,-1,-1,-1,-1,-1,-1,-1,-1,-1,-1,-1,-1,-1
CHL,Chile,South America,2019,3726,88,19,41,40,-1,-1,4,-1,-1,0,-1,-1,10,-1,-1,-1,-1,-1,4,-1,-1,-1,-1,-1,-1,-1,-1,0,-1,-1,-1,-1,-1,-1,-1,-1,-1,-1,-1,-1,-1,-1,-1,-1,-1,-1,-1,-1,-1,-1,-1,-1,-1,-1,-1,-1,-1,-1
CHN,China,Asia,2019,252537,60,20,41,39,-1,-1,0,-1,-1,-1,-1,-1,-1,-1,-1,-1,-1,-1,0,-1,-1,0,-1,-1,42,-1,-1,-1,-1,-1,-1,-1,-1,-1,-1,-1,1,-1,-1,0,-1,-1,2,-1,-1,-1,-1,-1,-1,-1,-1,-1,-1,-1,3,-1,-1,1
HKG,"China, Hong Kong Special Administrative Region",Asia,2019,845,100,22,41,38,100,0,0,100,0,0,-2,-2,-2,-1,-1,-1,100,0,0,100,0,0,100,0,0,100,0,0,-2,-2,-2,-1,-1,-1,100,0,0,100,0,0,100,0,0,100,0,0,-2,-2,-2,-1,-1,-1,100,0,0,100,0,0
MAC,"China, Macao Special Administrative Region",Asia,2019,74,100,21,44,35,100,0,0,100,0,0,-2,-2,-2,-1,-1,-1,100,0,0,100,0,0,100,0,0,100,0,0,-2,-2,-2,-1,-1,-1,100,0,0,100,0,0,100,0,0,100,0,0,-2,-2,-2,-1,-1,-1,100,0,0,100,0,0
COL,Colombia,South America,2019,10731,81,20,35,45,-1,-1,26,-1,-1,6,-1,-1,50,-1,-1,-1,-1,-1,26,-1,-1,-1,-1,-1,-1,-1,-1,3,-1,-1,-1,-1,-1,-1,-1,-1,-1,-1,-1,-1,-1,-1,-1,-1,-1,-1,-1,-1,-1,-1,-1,-1,-1,-1,-1,-1,-1,-1
COM,Comoros,Africa,2019,324,29,22,39,39,-1,-1,88,-1,-1,-1,-1,-1,-1,-1,-1,-1,-1,-1,89,-1,-1,88,-1,-1,-1,-1,-1,-1,-1,-1,-1,-1,-1,-1,-1,-1,73,-1,-1,-1,-1,-1,-1,-1,-1,-1,-1,-1,-1,-1,-1,-1,-1,-1,-1,-1,-1,-1
COG,Congo,Africa,2019,2146,67,22,40,38,-1,-1,56,-1,-1,-1,-1,-1,-1,-1,-1,44,-1,-1,60,-1,-1,32,-1,-1,40,-1,-1,-1,-1,-1,-1,-1,-1,40,-1,-1,40,-1,-1,25,-1,-1,-1,-1,-1,-1,-1,-1,-1,-1,-1,-1,-1,-1,-1,-1,-1,-1
COK,Cook Islands,Oceania,2019,4,75,12,41,47,100,0,0,-1,-1,-1,-1,-1,-1,-1,-1,-1,100,0,0,100,0,0,100,0,0,-1,-1,-1,-1,-1,-1,-1,-1,-1,100,0,0,100,0,0,100,0,0,-1,-1,-1,-1,-1,-1,-1,-1,-1,100,0,0,100,0,0
CRI,Costa Rica,North America,2019,920,80,15,46,39,84,5,11,-1,-1,19,-1,-1,3,-1,-1,2,86,0,13,76,18,6,75,22,3,78,19,3,89,8,3,97,1,2,71,26,3,89,8,3,78,0,22,-1,-1,18,-1,-1,10,-1,-1,6,75,0,25,85,3,12
CUB,Cuba,North America,2019,1844,77,19,40,42,100,0,0,-1,-1,0,-1,-1,-1,-1,-1,-1,100,0,0,100,0,0,100,0,0,-1,-1,0,-1,-1,-1,-1,-1,-1,100,0,0,100,0,0,100,0,0,-1,-1,-1,-1,-1,-1,-1,-1,-1,100,0,0,100,0,0
CIV,CÙte díIvoire,Africa,2019,10267,51,21,39,40,-1,-1,50,-1,-1,32,-1,-1,71,-1,-1,40,-1,-1,56,-1,-1,14,-1,-1,50,-1,-1,42,-1,-1,64,-1,-1,50,-1,-1,53,-1,-1,6,-1,-1,73,-1,-1,-1,-1,-1,-1,-1,-1,50,-1,-1,76,-1,-1,-1
COD,Democratic Republic of the Congo,Africa,2019,34758,45,24,42,34,-1,-1,51,-1,-1,-1,-1,-1,-1,-1,-1,-1,-1,-1,51,-1,-1,57,-1,-1,7,-1,-1,-1,-1,-1,-1,-1,-1,-1,-1,-1,7,-1,-1,-1,-1,-1,-1,-1,-1,-1,-1,-1,-1,-1,-1,-1,-1,-1,-1,-1,-1,-1
DNK,Denmark,Europe,2019,1038,88,16,44,39,100,0,0,-1,-1,-1,-1,-1,-1,-1,-1,-1,100,0,0,100,0,0,100,0,0,-1,-1,-1,-1,-1,-1,-1,-1,-1,100,0,0,100,0,0,100,0,0,-1,-1,-1,-1,-1,-1,-1,-1,-1,100,0,0,100,0,0
DJI,Djibouti,Africa,2019,257,78,16,35,49,-1,-1,14,-1,-1,5,-1,-1,19,-1,-1,-1,-1,-1,13,-1,-1,24,-1,-1,8,-1,-1,10,-1,-1,25,-1,-1,-1,-1,-1,6,-1,-1,12,-1,-1,-1,-1,-1,-1,-1,-1,-1,-1,-1,-1,-1,-1,-1,-1,-1,-1
DMA,Dominica,North America,2019,12,71,11,50,39,100,0,0,-1,-1,-1,-1,-1,-1,-1,-1,-1,100,0,0,100,0,0,100,0,0,-1,-1,-1,-1,-1,-1,-1,-1,-1,100,0,0,100,0,0,100,0,0,-1,-1,-1,-1,-1,-1,-1,-1,-1,100,0,0,100,0,0
DOM,Dominican Republic,North America,2019,2890,82,20,40,40,-1,-1,10,-1,-1,10,-1,-1,12,-1,-1,-1,-1,-1,10,-1,-1,-1,-1,-1,-1,-1,-1,-1,-1,-1,-1,-1,-1,-1,-1,-1,-1,-1,-1,-1,-1,-1,-1,-1,-1,-1,-1,-1,-1,-1,-1,-1,-1,-1,-1,-1,-1,-1
ECU,Ecuador,South America,2019,4725,64,21,40,40,87,7,6,93,2,5,81,11,8,93,0,6,87,6,7,96,0,4,80,2,19,87,0,12,73,2,26,87,0,12,80,1,19,91,0,9,-1,-1,23,-1,-1,14,-1,-1,31,-1,-1,11,-1,-1,22,-1,-1,7
EGY,Egypt,Africa,2019,27387,43,16,46,38,-1,-1,-1,-1,-1,-1,-1,-1,-1,-1,-1,-1,-1,-1,-1,-1,-1,-1,100,0,0,-1,-1,-1,-1,-1,-1,-1,-1,-1,100,0,0,100,0,0,100,0,0,-1,-1,-1,-1,-1,-1,-1,-1,-1,100,0,0,100,0,0
SLV,El Salvador,North America,2019,1722,73,18,40,41,82,14,5,-1,-1,3,-1,-1,4,-1,-1,6,80,15,5,84,12,4,87,5,7,92,4,3,85,6,10,87,5,8,87,5,8,92,4,4,-1,-1,-1,-1,-1,-1,-1,-1,-1,-1,-1,-1,-1,-1,-1,-1,-1,-1
GNQ,Equatorial Guinea,Africa,2019,416,73,23,43,35,-1,-1,72,-1,-1,-1,-1,-1,-1,-1,-1,74,-1,-1,74,-1,-1,49,-1,-1,21,-1,-1,-1,-1,-1,-1,-1,-1,30,-1,-1,15,-1,-1,6,-1,-1,-1,-1,-1,-1,-1,-1,-1,-1,-1,-1,-1,-1,-1,-1,-1,-1
ERI,Eritrea,Africa,2019,1302,41,17,39,44,-1,-1,30,-1,-1,-1,-1,-1,-1,-1,-1,59,-1,-1,35,-1,-1,20,33,21,46,-1,-1,-1,-1,-1,-1,-1,-1,-1,26,17,57,46,25,29,5,-1,-1,-1,-1,-1,-1,-1,-1,-1,-1,-1,3,-1,-1,8,-1,-1
EST,Estonia,Europe,2019,229,69,27,40,33,100,0,0,-1,-1,-1,-1,-1,-1,-1,-1,-1,100,0,0,100,0,0,100,0,0,-1,-1,-1,-1,-1,-1,-1,-1,-1,100,0,0,100,0,0,100,0,0,-1,-1,-1,-1,-1,-1,-1,-1,-1,100,0,0,100,0,0
SWZ,Eswatini,Africa,2019,429,24,21,48,31,-1,-1,14,-1,-1,-1,-1,-1,-1,-1,-1,-1,-1,-1,17,-1,-1,9,-1,-1,0,-1,-1,-1,-1,-1,-1,-1,-1,-1,-1,-1,0,-1,-1,0,-1,-1,-1,-1,-1,-1,-1,-1,-1,-1,-1,-1,-1,-1,-1,-1,-1,-1
ETH,Ethiopia,Africa,2019,41527,21,22,41,37,15,8,76,-1,-1,-1,37,13,50,-1,-1,-1,15,6,80,22,31,47,40,20,39,-1,-1,-1,23,54,23,-1,-1,-1,39,21,40,61,11,28,5,15,80,-1,-1,-1,1,2,97,-1,-1,-1,5,14,81,8,25,68
FJI,Fiji,Oceania,2019,266,57,20,39,40,88,5,7,-1,-1,-1,-1,-1,-1,-1,-1,-1,-1,-1,-1,-1,-1,-1,76,14,10,-1,-1,-1,-1,-1,-1,-1,-1,-1,-1,-1,-1,-1,-1,-1,61,27,12,-1,-1,-1,-1,-1,-1,-1,-1,-1,-1,-1,-1,-1,-1,-1
FIN,Finland,Europe,2019,964,85,25,39,37,100,0,0,-1,-1,-1,-1,-1,-1,-1,-1,-1,100,0,0,100,0,0,100,0,0,-1,-1,-1,-1,-1,-1,-1,-1,-1,100,0,0,100,0,0,100,0,0,-1,-1,-1,-1,-1,-1,-1,-1,-1,100,0,0,100,0,0
FRA,France,Europe,2019,12496,81,20,34,46,100,0,0,-1,-1,-1,-1,-1,-1,-1,-1,-1,100,0,0,100,0,0,100,0,0,-1,-1,-1,-1,-1,-1,-1,-1,-1,100,0,0,100,0,0,100,0,0,-1,-1,-1,-1,-1,-1,-1,-1,-1,100,0,0,100,0,0
GMB,Gambia,Africa,2019,955,62,29,39,32,-1,-1,23,-1,-1,-1,-1,-1,-1,-1,-1,31,-1,-1,15,-1,-1,11,63,37,0,-1,-1,-1,-1,-1,-1,38,-1,-1,83,17,0,80,20,0,-1,-1,-1,-1,-1,-1,-1,-1,-1,-1,-1,-1,-1,-1,-1,-1,-1,-1
GEO,Georgia,Europe,2019,745,59,22,43,36,-1,-1,-1,-1,-1,-1,-1,-1,-1,-1,-1,-1,-1,-1,0,-1,-1,0,-1,-1,-1,-1,-1,-1,-1,-1,-1,-1,-1,-1,-1,-1,0,-1,-1,0,-1,-1,-1,-1,-1,-1,-1,-1,-1,-1,-1,-1,-1,-1,0,-1,-1,0
DEU,Germany,Europe,2019,12018,77,17,24,59,100,0,0,-1,-1,-1,-1,-1,-1,-1,-1,-1,100,0,0,100,0,0,100,0,0,-1,-1,-1,-1,-1,-1,-1,-1,-1,100,0,0,100,0,0,100,0,0,-1,-1,-1,-1,-1,-1,-1,-1,-1,100,0,0,100,0,0
GHA,Ghana,Africa,2019,10305,57,15,42,43,71,0,29,85,10,5,73,11,16,79,6,15,76,8,16,79,14,6,64,14,23,72,20,8,57,20,23,64,16,19,62,12,25,65,19,16,54,8,38,65,6,29,45,10,46,56,7,37,52,9,40,52,8,39
GIB,Gibraltar,Europe,2019,5,100,9,54,37,100,0,0,100,0,0,-2,-2,-2,-1,-1,-1,100,0,0,100,0,0,100,0,0,100,0,0,-2,-2,-2,-1,-1,-1,100,0,0,100,0,0,100,0,0,100,0,0,-2,-2,-2,-1,-1,-1,100,0,0,100,0,0
GRD,Grenada,North America,2019,24,36,15,53,32,100,0,0,-1,-1,-1,-1,-1,-1,-1,-1,-1,100,0,0,99,1,0,-1,-1,-1,-1,-1,-1,-1,-1,-1,-1,-1,-1,-1,-1,-1,-1,-1,-1,100,0,0,-1,-1,-1,-1,-1,-1,-1,-1,-1,100,0,0,100,0,0
GTM,Guatemala,North America,2019,5468,51,22,42,36,-1,-1,19,-1,-1,0,-1,-1,27,-1,-1,-1,-1,-1,19,-1,-1,-1,76,-1,-1,-1,-1,1,-1,-1,-1,-1,-1,-1,76,-1,-1,-1,-1,-1,-1,-1,-1,-1,-1,-1,-1,-1,-1,-1,-1,-1,-1,-1,-1,-1,-1,-1
GIN,Guinea,Africa,2019,5242,37,21,39,39,9,24,67,-1,-1,44,-1,-1,80,-1,-1,15,9,25,65,-1,-1,-1,-1,-1,18,-1,-1,7,-1,-1,32,-1,-1,22,-1,-1,22,-1,-1,6,-1,-1,68,-1,-1,-1,-1,-1,-1,-1,-1,-1,-1,-1,68,-1,-1,-1
GNB,Guinea-Bissau,Africa,2019,730,44,23,42,35,59,6,35,-1,-1,-1,-1,-1,-1,-1,-1,-1,-1,-1,-1,-1,-1,-1,32,20,47,-1,-1,-1,-1,-1,-1,-1,-1,-1,-1,-1,-1,-1,-1,-1,12,13,75,-1,-1,-1,-1,-1,-1,-1,-1,-1,-1,-1,-1,-1,-1,-1
HTI,Haiti,North America,2019,3843,56,20,38,42,-1,-1,42,-1,-1,-1,-1,-1,-1,-1,-1,-1,-1,-1,52,-1,-1,-1,-1,-1,-1,-1,-1,-1,-1,-1,-1,-1,-1,-1,-1,-1,-1,-1,-1,-1,-1,-1,-1,-1,-1,-1,-1,-1,-1,-1,-1,-1,-1,-1,-1,-1,-1,-1
HND,Honduras,North America,2019,2853,58,21,42,36,68,10,22,-1,-1,-1,74,6,20,-1,-1,-1,65,-1,-1,52,-1,-1,82,-1,-1,-1,-1,-1,23,66,11,-1,-1,-1,-1,-1,-1,-1,-1,-1,12,-1,-1,-1,-1,-1,19,29,52,-1,-1,-1,5,-1,-1,21,-1,-1
HUN,Hungary,Europe,2019,1519,72,24,25,51,100,0,0,-1,-1,-1,-1,-1,-1,-1,-1,0,100,0,0,100,0,0,100,0,0,-1,-1,-1,-1,-1,-1,-1,-1,-1,100,0,0,100,0,0,100,0,0,-1,-1,-1,-1,-1,-1,-1,-1,-1,100,0,0,100,0,0
IND,India,Asia,2019,376155,34,20,33,47,67,27,6,72,21,7,67,25,8,-1,-1,-1,67,25,8,75,18,6,64,19,16,71,15,14,63,19,18,-1,-1,-1,64,19,17,73,9,18,53,23,25,58,26,16,52,22,26,-1,-1,-1,53,22,25,53,29,17
IDN,Indonesia,Asia,2019,65269,56,15,43,43,73,11,17,-1,-1,0,-1,-1,0,70,2,27,72,11,17,75,11,14,40,46,13,-1,-1,-1,-1,-1,-1,28,53,19,37,50,13,50,34,16,59,10,31,-1,-1,-1,-1,-1,-1,57,5,38,59,11,30,57,10,33
IRQ,Iraq,Asia,2019,12794,71,16,45,39,-1,-1,16,-1,-1,-1,-1,-1,-1,-1,-1,2,-1,-1,19,-1,-1,9,-1,-1,14,-1,-1,-1,-1,-1,-1,-1,-1,2,-1,-1,18,-1,-1,7,-1,-1,-1,-1,-1,-1,-1,-1,-1,-1,-1,-1,-1,-1,-1,-1,-1,-1
ISR,Israel,Asia,2019,2217,93,22,41,36,100,0,0,-1,-1,-1,-1,-1,-1,-1,-1,-1,100,0,0,100,0,0,100,0,0,-1,-1,-1,-1,-1,-1,-1,-1,-1,100,0,0,100,0,0,100,0,0,-1,-1,-1,-1,-1,-1,-1,-1,-1,100,0,0,100,0,0
ITA,Italy,Europe,2019,9085,71,19,31,50,100,0,0,-1,-1,-1,-1,-1,-1,-1,-1,-1,100,0,0,100,0,0,100,0,0,-1,-1,-1,-1,-1,-1,-1,-1,-1,100,0,0,100,0,0,100,0,0,-1,-1,-1,-1,-1,-1,-1,-1,-1,100,0,0,100,0,0
JAM,Jamaica,North America,2019,638,56,20,43,37,95,-1,-1,-1,-1,-1,-1,-1,-1,-1,-1,-1,94,-1,-1,96,-1,-1,95,-1,-1,-1,-1,-1,-1,-1,-1,-1,-1,-1,94,-1,-1,96,-1,-1,97,-1,-1,-1,-1,-1,-1,-1,-1,-1,-1,-1,96,-1,-1,97,-1,-1
JOR,Jordan,Asia,2019,3170,91,15,44,40,93,7,0,-1,-1,-1,-1,-1,-1,-1,-1,-1,-1,-1,-1,-1,-1,-1,33,66,0,-1,-1,-1,-1,-1,-1,-1,-1,-1,-1,-1,-1,-1,-1,-1,-1,-1,-1,-1,-1,-1,-1,-1,-1,-1,-1,-1,-1,-1,-1,-1,-1,-1
KEN,Kenya,Africa,2019,20280,28,22,41,37,-1,-1,-1,-1,-1,-1,72,3,25,-1,-1,-1,-1,-1,-1,-1,-1,-1,-1,-1,0,-1,-1,0,50,46,4,-1,-1,-1,-1,-1,-1,-1,-1,-1,-1,-1,-1,-1,-1,-1,2,13,85,-1,-1,-1,-1,-1,-1,-1,-1,-1
KIR,Kiribati,Oceania,2019,41,55,21,41,37,-1,-1,26,-1,-1,-1,-1,-1,-1,-1,-1,-1,-1,-1,-1,-1,-1,-1,-1,-1,-1,-1,-1,-1,-1,-1,-1,-1,-1,-1,-1,-1,-1,-1,-1,-1,-1,-1,-1,-1,-1,-1,-1,-1,-1,-1,-1,-1,-1,-1,-1,-1,-1,-1
KWT,Kuwait,Asia,2019,780,100,16,40,44,100,0,0,100,0,0,-1,-1,-1,-1,-1,-1,100,0,0,100,0,0,100,0,0,100,0,0,-1,-1,-1,-1,-1,-1,100,0,0,100,0,0,100,0,0,100,0,0,-1,-1,-1,-1,-1,-1,100,0,0,100,0,0
KGZ,Kyrgyzstan,Asia,2019,1776,37,30,29,41,-1,-1,-1,-1,-1,-1,-1,-1,-1,-1,-1,-1,-1,-1,-1,-1,-1,-1,-1,-1,-1,-1,-1,-1,-1,-1,-1,-1,-1,-1,-1,-1,-1,-1,-1,-1,100,0,0,-1,-1,-1,-1,-1,-1,-1,-1,-1,100,0,0,100,0,0
LAO,Lao People's Democratic Republic,Asia,2019,2239,36,20,34,45,-1,-1,33,-1,-1,18,-1,-1,43,-1,-1,-1,-1,-1,33,-1,-1,-1,16,62,22,23,61,16,11,63,26,-1,-1,-1,16,62,22,-1,-1,-1,35,-1,-1,37,-1,-1,26,-1,-1,-1,-1,-1,35,-1,-1,-1,-1,-1
LVA,Latvia,Europe,2019,252,68,33,47,20,100,0,0,-1,-1,-1,-1,-1,-1,-1,-1,-1,100,0,0,100,0,0,100,0,0,-1,-1,-1,-1,-1,-1,-1,-1,-1,100,0,0,100,0,0,100,0,0,-1,-1,-1,-1,-1,-1,-1,-1,-1,100,0,0,100,0,0
LBN,Lebanon,Asia,2019,1678,89,19,39,42,59,0,40,-1,-1,-1,-1,-1,-1,57,3,40,60,3,37,61,3,37,93,7,0,-1,-1,-1,-1,-1,-1,92,7,1,92,7,0,95,4,1,36,60,4,-1,-1,-1,-1,-1,-1,34,62,4,34,62,5,46,51,3
LSO,Lesotho,Africa,2019,657,29,20,46,33,-1,-1,-1,-1,-1,-1,-1,-1,-1,-1,-1,-1,-1,-1,-1,-1,-1,-1,-1,-1,4,-1,-1,-1,-1,-1,-1,-1,-1,-1,-1,-1,4,-1,-1,-1,-1,-1,-1,-1,-1,-1,-1,-1,-1,-1,-1,-1,-1,-1,-1,-1,-1,-1
LBR,Liberia,Africa,2019,1881,52,23,41,36,50,2,48,59,3,37,36,5,60,-1,-1,-1,44,13,42,65,11,24,27,40,33,35,45,20,22,22,56,-1,-1,-1,24,37,39,35,48,17,69,16,15,77,13,10,61,20,19,-1,-1,-1,67,17,17,75,15,9
LBY,Libya,Africa,2019,1709,80,15,45,40,17,67,16,-1,-1,-1,-1,-1,-1,-1,-1,-1,-1,-1,-1,-1,-1,-1,61,39,0,-1,-1,-1,-1,-1,-1,-1,-1,-1,-1,-1,-1,-1,-1,-1,13,82,5,-1,-1,-1,-1,-1,-1,-1,-1,-1,-1,-1,-1,-1,-1,-1
MDG,Madagascar,Africa,2019,10036,38,22,35,43,-1,-1,63,-1,-1,-1,-1,-1,-1,-1,-1,-1,-1,-1,63,-1,-1,74,62,10,28,80,-1,-1,60,-1,-1,-1,-1,-1,62,3,36,52,27,21,-1,-1,-1,-1,-1,-1,-1,-1,-1,-1,-1,-1,-1,-1,-1,-1,-1,-1
MWI,Malawi,Africa,2019,7709,17,23,42,36,78,15,8,-1,-1,3,68,24,8,-1,-1,-1,87,4,8,82,13,5,65,19,16,74,4,22,62,22,16,-1,-1,-1,75,6,19,56,8,35,21,3,76,-1,-1,55,13,11,76,-1,-1,-1,28,13,59,-1,-1,63
MYS,Malaysia,Asia,2019,7389,77,13,41,46,98,2,0,-1,-1,-1,-1,-1,-1,-1,-1,-1,97,3,0,99,1,0,100,0,0,-1,-1,-1,-1,-1,-1,-1,-1,-1,100,0,0,100,0,0,98,2,0,-1,-1,-1,-1,-1,-1,-1,-1,-1,97,3,0,98,2,0
MDV,Maldives,Asia,2019,99,40,23,51,26,100,0,0,-1,-1,-1,-1,-1,-1,-1,-1,-1,100,0,0,100,0,0,96,-1,-1,-1,-1,-1,-1,-1,-1,-1,-1,-1,-1,-1,-1,-1,-1,-1,-1,-1,18,-1,-1,-1,-1,-1,-1,-1,-1,-1,-1,-1,-1,-1,-1,-1
MLI,Mali,Africa,2019,8400,43,28,40,32,70,24,6,87,10,3,60,14,26,-1,-1,-1,70,28,2,-1,-1,-1,30,51,19,25,66,9,42,39,19,-1,-1,-1,30,51,19,20,-1,-1,63,18,19,74,14,12,38,14,48,-1,-1,-1,63,18,19,-1,-1,-1
MHL,Marshall Islands,Oceania,2019,21,77,16,42,42,3,-1,-1,-1,-1,-1,-1,-1,-1,-1,-1,-1,3,-1,-1,-1,-1,-1,27,-1,-1,-1,-1,-1,-1,-1,-1,-1,-1,-1,27,-1,-1,-1,-1,-1,36,-1,-1,-1,-1,-1,-1,-1,-1,-1,-1,-1,36,-1,-1,-1,-1,-1
MRT,Mauritania,Africa,2019,1708,55,22,39,39,-1,-1,79,-1,-1,-1,-1,-1,-1,-1,-1,-1,-1,-1,82,-1,-1,58,21,18,60,-1,-1,-1,-1,-1,-1,-1,-1,-1,20,20,60,32,2,66,-1,-1,-1,-1,-1,-1,-1,-1,-1,-1,-1,-1,-1,-1,-1,-1,-1,-1
MUS,Mauritius,Africa,2019,238,41,11,36,53,100,0,0,-1,-1,-1,-1,-1,-1,-1,-1,-1,100,0,0,100,0,0,100,0,0,-1,-1,-1,-1,-1,-1,-1,-1,-1,100,0,0,100,0,0,86,-1,-1,-1,-1,-1,-1,-1,-1,-1,-1,-1,89,-1,-1,84,-1,-1
MEX,Mexico,South America,2019,33555,80,20,40,40,-1,-1,15,-1,-1,3,-1,-1,23,61,29,10,-1,-1,17,49,37,14,74,20,6,-1,-1,2,-1,-1,-1,-1,-1,6,74,20,6,80,16,5,-1,-1,17,-1,-1,-1,-1,-1,-1,-1,-1,-1,-1,-1,-1,82,-1,-1
MCO,Monaco,Europe,2019,10,100,19,39,42,100,0,0,-1,-1,-1,-2,-2,-2,-1,-1,-1,100,0,0,100,0,0,100,0,0,-1,-1,-1,-2,-2,-2,-1,-1,-1,100,0,0,100,0,0,100,0,0,-1,-1,-1,-2,-2,-2,-1,-1,-1,100,0,0,100,0,0
MNG,Mongolia,Asia,2019,872,69,27,36,37,74,24,2,85,15,0,73,25,2,-1,-1,-1,73,24,3,73,25,1,63,21,16,70,30,0,58,18,24,-1,-1,-1,70,16,14,63,21,15,41,36,23,53,34,13,35,41,24,-1,-1,-1,44,36,20,66,10,24
MSR,Montserrat,North America,2019,1,9,15,47,38,100,0,0,-1,-1,-1,-1,-1,-1,-1,-1,-1,100,0,0,100,0,0,100,0,0,-1,-1,-1,-1,-1,-1,-1,-1,-1,100,0,0,100,0,0,100,0,0,-1,-1,-1,-1,-1,-1,-1,-1,-1,100,0,0,100,0,0
MAR,Morocco,Africa,2019,8753,63,15,44,41,84,3,13,-1,-1,-1,-1,-1,-1,-1,-1,-1,74,10,16,91,0,9,70,25,5,82,-1,-1,56,-1,-1,-1,-1,-1,70,21,9,-1,-1,0,89,-1,-1,-1,-1,-1,-1,-1,-1,-1,-1,-1,81,-1,-1,98,-1,-1
MOZ,Mozambique,Africa,2019,12517,37,23,48,29,-1,-1,-1,-1,-1,-1,48,0,52,-1,-1,-1,-1,-1,-1,-1,-1,-1,-1,-1,-1,-1,-1,-1,26,41,33,-1,-1,-1,-1,-1,-1,-1,-1,-1,-1,-1,-1,-1,-1,-1,6,0,94,-1,-1,-1,-1,-1,-1,-1,-1,-1
MMR,Myanmar,Asia,2019,12550,31,15,37,48,75,-1,-1,-1,-1,-1,-1,-1,-1,-1,-1,-1,72,-1,-1,82,-1,-1,68,-1,-1,-1,-1,-1,-1,-1,-1,-1,-1,-1,65,-1,-1,71,-1,-1,59,-1,-1,-1,-1,-1,-1,-1,-1,-1,-1,-1,54,-1,-1,62,-1,-1
NRU,Nauru,Oceania,2019,3.6,100,22,43,35,-1,-1,-1,-1,-1,-1,-2,-2,-2,-1,-1,-1,-1,-1,-1,-1,-1,-1,86,-1,-1,87,-1,-1,-2,-2,-2,-1,-1,-1,100,0,0,66,-1,-1,-1,-1,-1,-1,-1,-1,-2,-2,-2,-1,-1,-1,-1,-1,-1,-1,-1,-1
NPL,Nepal,Asia,2019,7996,20,11,35,54,47,31,23,-1,-1,-1,-1,-1,-1,-1,-1,-1,39,-1,-1,76,-1,-1,-1,-1,17,-1,-1,-1,-1,-1,-1,-1,-1,-1,-1,-1,-1,-1,-1,-1,-1,-1,-1,-1,-1,-1,-1,-1,-1,-1,-1,-1,-1,-1,-1,-1,-1,-1
NLD,Netherlands,Europe,2019,2890,92,20,38,42,100,0,0,-1,-1,-1,-1,-1,-1,-1,-1,-1,100,0,0,100,0,0,100,0,0,-1,-1,-1,-1,-1,-1,-1,-1,-1,100,0,0,100,0,0,100,0,0,-1,-1,-1,-1,-1,-1,-1,-1,-1,100,0,0,100,0,0
NIC,Nicaragua,North America,2019,1751,59,20,45,35,54,18,28,-1,-1,-1,54,22,25,-1,-1,-1,-1,-1,32,-1,-1,-1,12,59,29,-1,-1,-1,12,57,30,-1,-1,-1,-1,-1,-1,-1,-1,-1,40,-1,-1,-1,-1,-1,40,-1,-1,-1,-1,-1,-1,-1,-1,-1,-1,-1
NER,Niger,Africa,2019,9895,17,24,41,36,16,3,81,-1,-1,60,20,18,61,-1,-1,74,16,2,82,-1,-1,45,25,10,65,28,23,48,23,6,71,-1,-1,78,23,0,77,-1,-1,44,15,-1,-1,-1,-1,-1,4,3,92,-1,-1,-1,15,-1,-1,-1,-1,-1
NGA,Nigeria,Africa,2019,65745,51,9,50,41,36,27,37,41,33,26,33,19,48,-1,-1,-1,32,27,41,53,18,28,38,23,40,49,27,23,28,21,51,-1,-1,-1,35,26,40,46,17,37,28,11,62,43,11,46,16,10,74,-1,-1,-1,28,10,62,24,13,63
NIU,Niue,Oceania,2019,0,46,7,44,49,100,0,0,-1,-1,-1,-1,-1,-1,-1,-1,-1,100,0,0,100,0,0,100,0,0,-1,-1,-1,-1,-1,-1,-1,-1,-1,100,0,0,100,0,0,100,0,0,-1,-1,-1,-1,-1,-1,-1,-1,-1,100,0,0,100,0,0
NOR,Norway,Europe,2019,1017,83,18,44,38,100,0,0,-1,-1,-1,-1,-1,-1,-1,-1,-1,100,0,0,100,0,0,100,0,0,-1,-1,-1,-1,-1,-1,-1,-1,-1,100,0,0,100,0,0,100,0,0,-1,-1,-1,-1,-1,-1,-1,-1,-1,100,0,0,100,0,0
OMN,Oman,Asia,2019,820,85,16,34,50,100,-1,-1,-1,-1,-1,-1,-1,-1,-1,-1,-1,-1,-1,-1,-1,-1,-1,96,4,0,-1,-1,-1,-1,-1,-1,-1,-1,-1,-1,-1,-1,-1,-1,-1,100,0,0,-1,-1,-1,-1,-1,-1,-1,-1,-1,100,0,0,100,0,0
PAK,Pakistan,Asia,2019,66594,37,15,37,47,57,8,34,-1,-1,16,-1,-1,34,-1,-1,-1,52,11,37,81,4,15,-1,-1,24,-1,-1,17,-1,-1,29,-1,-1,-1,-1,-1,35,-1,-1,4,-1,-1,-1,-1,-1,-1,-1,-1,-1,-1,-1,-1,-1,-1,-1,-1,-1,-1
PAN,Panama,North America,2019,1071,68,17,42,40,-1,-1,20,-1,-1,0,-1,-1,30,-1,-1,-1,-1,-1,20,-1,-1,-1,-1,-1,-1,-1,-1,-1,-1,-1,-1,-1,-1,-1,-1,-1,-1,-1,-1,-1,-1,-1,-1,-1,-1,-1,-1,-1,-1,-1,-1,-1,-1,-1,-1,-1,-1,-1
PNG,Papua New Guinea,Oceania,2019,3444,13,26,41,32,47,6,47,-1,-1,-1,-1,-1,-1,34,8,58,46,6,48,65,23,12,46,12,42,-1,-1,-1,-1,-1,-1,45,13,42,46,12,42,69,10,21,12,43,46,6,44,50,8,42,50,12,41,46,11,43,46,16,44,40
PRY,Paraguay,South America,2019,2021,62,20,41,39,67,30,3,-1,-1,0,-1,-1,9,-1,-1,-1,67,30,3,-1,-1,-1,-1,-1,-1,-1,-1,-1,-1,-1,-1,-1,-1,-1,-1,-1,-1,-1,-1,-1,62,-1,-1,-1,-1,-1,-1,-1,-1,-1,-1,-1,62,-1,-1,-1,-1,-1
PER,Peru,South America,2019,7556,78,22,43,34,80,4,16,89,4,7,68,5,27,81,8,11,79,5,15,76,9,15,61,37,2,80,19,1,39,58,4,54,43,3,62,37,1,67,29,3,-1,-1,32,-1,-1,20,-1,-1,46,-1,-1,32,-1,-1,32,-1,-1,27
PHL,Philippines,Asia,2019,25462,47,9,52,39,47,20,34,-1,-1,-1,-1,-1,-1,-1,-1,-1,45,20,35,54,18,28,39,53,8,-1,-1,-1,-1,-1,-1,-1,-1,-1,33,59,8,68,25,7,54,11,36,-1,-1,-1,-1,-1,-1,-1,-1,-1,56,9,35,39,23,38
POL,Poland,Europe,2019,5965,60,25,40,35,100,0,0,-1,-1,-1,-1,-1,-1,-1,-1,-1,100,0,0,100,0,0,100,0,0,-1,-1,-1,-1,-1,-1,-1,-1,-1,100,0,0,100,0,0,100,0,0,-1,-1,-1,-1,-1,-1,-1,-1,-1,100,0,0,100,0,0
PRT,Portugal,Europe,2019,1456,66,18,39,43,100,0,0,-1,-1,-1,-1,-1,-1,-1,-1,-1,100,0,0,100,0,0,100,0,0,-1,-1,-1,-1,-1,-1,-1,-1,-1,100,0,0,100,0,0,100,0,0,-1,-1,-1,-1,-1,-1,-1,-1,-1,100,0,0,100,0,0
QAT,Qatar,Asia,2019,330,99,25,47,28,100,0,0,-1,-1,-1,-1,-1,-1,-1,-1,-1,100,0,0,100,0,0,100,0,0,-1,-1,-1,-1,-1,-1,-1,-1,-1,100,0,0,100,0,0,100,0,0,-1,-1,-1,-1,-1,-1,-1,-1,-1,100,0,0,100,0,0
KOR,Republic of Korea,Asia,2019,7188,81,21,38,41,100,0,0,-1,-1,-1,-1,-1,-1,-1,-1,-1,100,0,0,100,0,0,100,0,0,-1,-1,-1,-1,-1,-1,-1,-1,-1,100,0,0,100,0,0,100,0,0,-1,-1,-1,-1,-1,-1,-1,-1,-1,100,0,0,100,0,0
MDA,Republic of Moldova,Europe,2019,480,43,30,26,45,92,8,0,-1,-1,-1,-1,-1,-1,-1,-1,-1,-1,-1,0,-1,-1,0,81,19,0,-1,-1,-1,-1,-1,-1,-1,-1,-1,-1,-1,0,-1,-1,0,100,0,0,-1,-1,-1,-1,-1,-1,-1,-1,-1,100,0,0,100,0,0
ROU,Romania,Europe,2019,3330,54,19,32,49,72,-1,-1,-1,-1,-1,-1,-1,-1,67,-1,-1,64,-1,-1,85,-1,-1,72,-1,-1,-1,-1,-1,-1,-1,-1,64,-1,-1,64,-1,-1,87,-1,-1,72,-1,-1,-1,-1,-1,-1,-1,-1,64,-1,-1,64,-1,-1,87,-1,-1
RUS,Russian Federation,Europe,2019,24193,75,30,28,42,-1,-1,2,-1,-1,-1,-1,-1,-1,-1,-1,1,-1,-1,-1,-1,-1,-1,-1,-1,2,-1,-1,-1,-1,-1,-1,-1,-1,1,-1,-1,-1,-1,-1,-1,-1,-1,-1,-1,-1,-1,-1,-1,-1,-1,-1,-1,-1,-1,-1,-1,-1,-1
RWA,Rwanda,Africa,2019,4614,17,23,41,36,55,-1,-1,-1,-1,-1,-1,-1,-1,-1,-1,-1,53,-1,-1,65,-1,-1,65,20,16,-1,-1,-1,-1,-1,-1,-1,-1,28,61,23,16,73,10,17,52,17,32,-1,-1,-1,-1,-1,-1,-1,-1,74,50,15,35,49,25,26
KNA,Saint Kitts and Nevis,North America,2019,10,31,13,50,37,84,-1,-1,-1,-1,-1,-1,-1,-1,-1,-1,-1,79,-1,-1,100,0,0,-1,-1,-1,-1,-1,-1,-1,-1,-1,-1,-1,-1,-1,-1,-1,-1,-1,-1,84,-1,-1,-1,-1,-1,-1,-1,-1,-1,-1,-1,79,-1,-1,100,0,0
LCA,Saint Lucia,North America,2019,32,19,12,48,40,100,0,0,-1,-1,-1,-1,-1,-1,-1,-1,-1,100,0,0,100,0,0,100,0,0,-1,-1,-1,-1,-1,-1,-1,-1,-1,100,0,0,100,0,0,100,0,0,-1,-1,-1,-1,-1,-1,-1,-1,-1,100,0,0,100,0,0
VCT,Saint Vincent and the Grenadines,North America,2019,24,53,13,49,38,100,0,0,-1,-1,-1,-1,-1,-1,-1,-1,-1,100,0,0,99,1,0,100,0,0,-1,-1,-1,-1,-1,-1,-1,-1,-1,100,0,0,99,1,0,100,0,0,-1,-1,-1,-1,-1,-1,-1,-1,-1,100,0,0,99,1,0
WSM,Samoa,Oceania,2019,70,18,16,42,42,100,0,0,-1,-1,-1,-1,-1,-1,-1,-1,-1,100,0,0,100,0,0,-1,-1,0,-1,-1,-1,-1,-1,-1,-1,-1,-1,-1,-1,0,-1,-1,0,100,0,0,-1,-1,-1,-1,-1,-1,-1,-1,-1,100,0,0,100,0,0
SMR,San Marino,Europe,2019,5,97,19,32,49,100,0,0,-1,-1,-1,-1,-1,-1,-1,-1,-1,100,0,0,100,0,0,100,0,0,-1,-1,-1,-1,-1,-1,-1,-1,-1,100,0,0,100,0,0,100,0,0,-1,-1,-1,-1,-1,-1,-1,-1,-1,100,0,0,100,0,0
STP,Sao Tome and Principe,Africa,2019,85,74,21,42,36,-1,-1,15,-1,-1,-1,-1,-1,-1,-1,-1,39,-1,-1,10,-1,-1,5,76,8,16,-1,-1,-1,-1,-1,-1,-1,-1,15,70,15,15,-1,-1,11,-1,-1,10,-1,-1,-1,-1,-1,-1,-1,-1,-1,-1,-1,12,-1,-1,0
SAU,Saudi Arabia,Asia,2019,7963,84,22,42,35,100,0,0,-1,-1,-1,-1,-1,-1,-1,-1,-1,100,0,0,100,0,0,100,0,0,-1,-1,-1,-1,-1,-1,-1,-1,-1,100,0,0,100,0,0,100,0,0,-1,-1,-1,-1,-1,-1,-1,-1,-1,100,0,0,100,0,0
SEN,Senegal,Africa,2019,6625,48,23,40,38,45,32,23,-1,-1,6,-1,-1,34,-1,-1,63,42,32,26,79,16,5,16,64,19,-1,-1,2,-1,-1,23,-1,-1,42,9,72,18,40,50,10,22,7,72,-1,-1,59,-1,-1,74,-1,-1,-1,25,4,72,9,-1,-1
SRB,Serbia,Europe,2019,1039,56,25,25,50,72,-1,-1,-1,-1,-1,-1,-1,-1,-1,-1,-1,63,-1,-1,91,-1,-1,74,-1,-1,-1,-1,-1,-1,-1,-1,-1,-1,-1,66,-1,-1,92,-1,-1,73,-1,-1,-1,-1,-1,-1,-1,-1,-1,-1,-1,66,-1,-1,91,-1,-1
SYC,Seychelles,Africa,2019,22,57,14,43,43,100,0,0,-1,-1,-1,-1,-1,-1,-1,-1,-1,100,0,0,100,0,0,100,0,0,-1,-1,-1,-1,-1,-1,-1,-1,-1,100,0,0,100,0,0,100,0,0,-1,-1,-1,-1,-1,-1,-1,-1,-1,100,0,0,100,0,0
SLE,Sierra Leone,Africa,2019,3160,42,22,39,39,63,26,11,-1,-1,-1,-1,-1,-1,73,24,2,55,37,8,71,26,2,20,40,39,-1,-1,-1,-1,-1,-1,10,70,20,46,8,46,25,45,30,-1,-1,64,-1,-1,-1,-1,-1,-1,-1,-1,-1,-1,-1,25,-1,-1,26
SGP,Singapore,Asia,2019,506,100,22,46,32,100,0,0,100,0,0,-2,-2,-2,-1,-1,-1,100,0,0,100,0,0,100,0,0,100,0,0,-2,-2,-2,-1,-1,-1,100,0,0,100,0,0,100,0,0,100,0,0,-2,-2,-2,-1,-1,-1,100,0,0,100,0,0
SVK,Slovakia,Europe,2019,884,54,19,26,55,100,0,0,-1,-1,-1,-1,-1,-1,-1,-1,-1,100,0,0,100,0,0,100,0,0,-1,-1,-1,-1,-1,-1,-1,-1,-1,100,0,0,100,0,0,100,0,0,-1,-1,-1,-1,-1,-1,-1,-1,-1,100,0,0,100,0,0
SVN,Slovenia,Europe,2019,318,55,19,40,41,100,0,0,-1,-1,-1,-1,-1,-1,-1,-1,-1,100,0,0,100,0,0,100,0,0,-1,-1,-1,-1,-1,-1,-1,-1,-1,100,0,0,100,0,0,100,0,0,-1,-1,-1,-1,-1,-1,-1,-1,-1,100,0,0,100,0,0
SLB,Solomon Islands,Oceania,2019,260,24,22,40,39,17,36,47,-1,-1,-1,14,39,47,-1,-1,-1,20,-1,-1,19,-1,-1,27,9,64,-1,-1,-1,25,11,64,-1,-1,-1,22,-1,-1,34,-1,-1,17,17,66,-1,-1,-1,17,17,66,-1,-1,-1,-1,-1,-1,-1,-1,-1
SOM,Somalia,Africa,2019,6404,46,24,42,35,-1,-1,45,-1,-1,-1,-1,-1,-1,-1,-1,-1,-1,-1,46,-1,-1,37,-1,-1,60,-1,-1,-1,-1,-1,-1,-1,-1,-1,-1,-1,-1,-1,-1,-1,-1,-1,-1,-1,-1,-1,-1,-1,-1,-1,-1,-1,-1,-1,-1,-1,-1,-1
ZAF,South Africa,Africa,2019,15589,67,18,50,32,77,23,0,-1,-1,-1,-1,-1,-1,-1,-1,-1,-1,-1,-1,-1,-1,-1,-1,-1,12,-1,-1,-1,-1,-1,-1,-1,-1,-1,-1,-1,-1,-1,-1,-1,-1,-1,-1,-1,-1,-1,-1,-1,-1,-1,-1,-1,-1,-1,-1,-1,-1,-1
SSD,South Sudan,Africa,2019,4378,20,24,41,35,51,9,40,61,4,35,48,11,41,-1,-1,-1,51,9,40,-1,-1,8,37,38,26,67,22,11,40,23,37,-1,-1,32,37,38,26,-1,-1,11,18,1,80,45,-1,-1,13,-1,-1,-1,-1,-1,18,1,80,-1,-1,-1
ESP,Spain,Europe,2019,7236,81,21,41,38,100,0,0,-1,-1,-1,-1,-1,-1,-1,-1,-1,100,0,0,100,0,0,100,0,0,-1,-1,-1,-1,-1,-1,-1,-1,-1,100,0,0,100,0,0,100,0,0,-1,-1,-1,-1,-1,-1,-1,-1,-1,100,0,0,100,0,0
LKA,Sri Lanka,Asia,2019,4795,19,7,36,57,83,0,17,-1,-1,-1,-1,-1,-1,62,24,14,84,-1,-1,88,-1,-1,96,4,0,-1,-1,-1,-1,-1,-1,89,9,2,93,-1,-1,94,6,0,-1,-1,-1,-1,-1,-1,-1,-1,-1,-1,-1,-1,-1,-1,-1,-1,-1,-1
SDN,Sudan,Africa,2019,13890,35,17,47,36,-1,-1,10,-1,-1,-1,-1,-1,-1,-1,-1,-1,-1,-1,14,-1,-1,5,-1,-1,38,-1,-1,-1,-1,-1,-1,-1,-1,-1,-1,-1,28,-1,-1,10,-1,-1,75,-1,-1,-1,-1,-1,-1,-1,-1,-1,-1,-1,87,-1,-1,36
CHE,Switzerland,Europe,2019,1242,74,13,40,48,100,0,0,-1,-1,-1,-1,-1,-1,-1,-1,-1,100,0,0,100,0,0,100,0,0,-1,-1,-1,-1,-1,-1,-1,-1,-1,100,0,0,100,0,0,100,0,0,-1,-1,-1,-1,-1,-1,-1,-1,-1,100,0,0,100,0,0
SYR,Syrian Arab Republic,Asia,2019,5512,55,25,39,35,49,49,2,-1,-1,-1,-1,-1,-1,-1,-1,-1,49,48,2,49,49,2,49,16,35,-1,-1,-1,-1,-1,-1,-1,-1,-1,51,16,33,47,13,40,21,27,52,-1,-1,-1,-1,-1,-1,-1,-1,-1,22,27,51,23,28,49
TJK,Tajikistan,Asia,2019,2888,27,30,29,41,79,8,14,93,4,3,73,9,18,-1,-1,-1,-1,-1,-1,-1,-1,-1,47,35,18,58,36,6,43,35,22,-1,-1,-1,-1,-1,-1,-1,-1,-1,26,13,61,41,15,44,20,12,68,-1,-1,-1,-1,-1,-1,-1,-1,-1
TLS,Timor-Leste,Asia,2019,470,31,21,39,40,69,5,27,-1,-1,-1,-1,-1,-1,-1,-1,-1,69,3,28,62,14,24,38,28,34,-1,-1,-1,-1,-1,-1,-1,-1,-1,37,29,34,43,35,22,60,-1,-1,-1,-1,-1,-1,-1,-1,-1,-1,-1,61,-1,-1,52,-1,-1
TGO,Togo,Africa,2019,3238,42,22,39,39,20,23,57,-1,-1,-1,-1,-1,-1,-1,-1,-1,20,15,65,-1,-1,49,65,-1,-1,-1,-1,-1,-1,-1,-1,-1,-1,-1,62,-1,-1,68,-1,-1,-1,-1,-1,-1,-1,-1,-1,-1,-1,-1,-1,-1,-1,-1,-1,-1,-1,-1
TUN,Tunisia,Africa,2019,2738,69,20,39,41,70,15,15,-1,-1,-1,-1,-1,-1,-1,-1,-1,70,17,13,-1,-1,0,63,23,15,-1,-1,-1,-1,-1,-1,-1,-1,-1,63,23,15,-1,-1,0,38,50,12,-1,-1,-1,-1,-1,-1,-1,-1,-1,38,50,12,-1,-1,-1
TCA,Turks and Caicos Islands,North America,2019,9,93,19,39,42,100,0,0,-1,-1,-1,-1,-1,-1,-1,-1,-1,100,0,0,100,0,0,100,0,0,-1,-1,-1,-1,-1,-1,-1,-1,-1,100,0,0,100,0,0,100,0,0,-1,-1,-1,-1,-1,-1,-1,-1,-1,100,0,0,100,0,0
UGA,Uganda,Africa,2019,19971,24,22,46,32,68,26,5,90,10,0,54,34,12,-1,-1,-1,70,23,7,-1,-1,-1,80,16,4,80,20,0,57,37,5,-1,-1,-1,80,16,4,-1,-1,0,30,24,46,52,19,29,12,5,83,-1,-1,-1,31,16,53,56,-1,-1
UKR,Ukraine,Europe,2019,4955,69,22,31,47,-1,-1,-1,-1,-1,-1,-1,-1,-1,-1,-1,-1,-1,-1,-1,-1,-1,-1,-1,-1,-1,-1,-1,-1,-1,-1,-1,-1,-1,-1,-1,-1,-1,-1,-1,-1,82,-1,-1,-1,-1,-1,-1,-1,-1,-1,-1,-1,74,-1,-1,93,-1,-1
ARE,United Arab Emirates,Asia,2019,1238,87,17,39,44,100,0,0,-1,-1,-1,-1,-1,-1,-1,-1,-1,100,0,0,100,0,0,100,0,0,-1,-1,-1,-1,-1,-1,-1,-1,-1,100,0,0,100,0,0,100,0,0,-1,-1,-1,-1,-1,-1,-1,-1,-1,100,0,0,100,0,0
TZA,United Republic of Tanzania,Africa,2019,22135,35,16,50,34,-1,-1,29,-1,-1,-1,-1,-1,-1,-1,-1,-1,-1,-1,28,-1,-1,-1,-1,-1,-1,-1,-1,-1,-1,-1,-1,-1,-1,-1,-1,-1,-1,-1,-1,0,21,-1,-1,-1,-1,-1,-1,-1,-1,-1,-1,-1,21,-1,-1,-1,-1,-1
USA,United States of America,North America,2019,62202,82,20,39,41,100,0,0,-1,-1,-1,-1,-1,-1,-1,-1,-1,100,0,0,100,0,0,100,0,0,-1,-1,-1,-1,-1,-1,-1,-1,-1,100,0,0,100,0,0,100,0,0,-1,-1,-1,-1,-1,-1,-1,-1,-1,100,0,0,100,0,0
URY,Uruguay,South America,2019,705,95,19,40,41,100,0,0,-1,-1,0,-1,-1,19,-1,-1,-1,100,0,0,100,0,0,-1,-1,-1,-1,-1,-1,-1,-1,-1,-1,-1,-1,-1,-1,-1,-1,-1,-1,-1,-1,-1,-1,-1,-1,-1,-1,-1,-1,-1,-1,-1,-1,-1,-1,-1,-1
UZB,Uzbekistan,Asia,2019,9010,50,26,27,46,90,-1,-1,-1,-1,-1,-1,-1,-1,-1,-1,-1,90,-1,-1,89,-1,-1,92,-1,-1,-1,-1,-1,-1,-1,-1,-1,-1,-1,93,-1,-1,91,-1,-1,89,-1,-1,-1,-1,-1,-1,-1,-1,-1,-1,-1,90,-1,-1,89,-1,-1
VUT,Vanuatu,Oceania,2019,106,25,15,43,41,-1,-1,59,-1,-1,-1,-1,-1,-1,-1,-1,65,-1,-1,51,-1,-1,58,-1,-1,-1,-1,-1,-1,-1,-1,-1,-1,-1,-1,-1,-1,-1,-1,-1,-1,-1,-1,-1,-1,-1,-1,-1,-1,-1,-1,-1,-1,-1,-1,-1,-1,-1,-1
VEN,Venezuela (Bolivarian Republic of),South America,2019,7677,88,23,43,34,97,-1,-1,-1,-1,-1,-1,-1,-1,-1,-1,-1,97,-1,-1,-1,-1,-1,90,-1,-1,-1,-1,-1,-1,-1,-1,-1,-1,-1,90,-1,-1,-1,-1,-1,-1,-1,-1,-1,-1,-1,-1,-1,-1,-1,-1,-1,-1,-1,-1,-1,-1,-1
PSE,West Bank and Gaza Strip,Asia,2019,1644,76,16,29,55,78,22,0,78,19,3,81,18,2,-1,-1,2,81,19,0,86,14,0,81,18,0,79,21,0,84,16,0,-1,-1,0,78,22,0,86,13,1,21,76,3,11,80,9,24,72,4,-1,-1,-1,22,73,5,29,66,5
YEM,Yemen,Asia,2019,10660,37,22,41,37,-1,-1,-1,-1,-1,-1,-1,-1,-1,-1,-1,-1,-1,-1,-1,46,-1,-1,-1,-1,-1,-1,-1,-1,-1,-1,-1,-1,-1,-1,-1,-1,-1,-1,-1,-1,-1,-1,-1,-1,-1,-1,-1,-1,-1,-1,-1,-1,-1,-1,-1,-1,-1,-1
ZMB,Zambia,Africa,2019,7882,44,29,44,27,79,4,17,-1,-1,-1,79,5,16,-1,-1,-1,78,3,18,94,0,5,66,-1,-1,-1,-1,-1,23,66,11,-1,-1,-1,-1,-1,-1,-1,-1,-1,57,-1,-1,-1,-1,-1,19,29,52,-1,-1,-1,55,-1,-1,58,-1,-1
ZWE,Zimbabwe,Africa,2019,5764,32,15,50,35,66,21,13,86,13,1,60,30,9,-1,-1,-1,64,22,14,69,19,12,-1,-1,3,-1,-1,6,-1,-1,4,-1,-1,13,-1,-1,2,-1,-1,3,-1,-1,37,-1,-1,12,-1,-1,42,-1,-1,35,-1,-1,37,-1,-1,41